id_transaccion,t_envio,d_origen,d_destino,terminal,t_recibido,retraso
2,145,1,3,3,335,190
3,165,2,1,1,535,370
4,245,3,0,0,735,490
8,765,3,225,-1,,
1,165,0,1,1,935,770
6,365,1,2,2,1135,770
7,565,2,3,3,1335,770
5,965,0,3,3,1735,770
10,1165,1,255,0,1935,770
10,1165,1,255,2,1935,770
10,1165,1,255,3,1935,770
11,1365,2,0,0,2135,770
12,1565,3,255,0,2335,770
12,1565,3,255,1,2335,770
12,1565,3,255,2,2335,770
9,1765,0,2,2,2535,770
14,1965,1,2,2,2735,770
15,2165,2,0,0,2935,770
16,2365,3,1,1,3135,770
13,2565,0,2,2,3335,770
17,3365,0,140,-1,,
18,2765,1,3,3,3535,770
19,2965,2,3,3,3735,770
20,3165,3,2,2,3935,770
22,3565,1,2,2,4335,770
23,3765,2,255,0,4535,770
23,3765,2,255,1,4535,770
23,3765,2,255,3,4535,770
24,3965,3,1,1,4735,770
28,4765,3,75,-1,,
21,4165,0,2,2,4935,770
26,4365,1,3,3,5135,770
27,4565,2,255,0,5335,770
27,4565,2,255,1,5335,770
27,4565,2,255,3,5335,770
32,5565,3,108,-1,,
25,4965,0,1,1,5735,770
30,5165,1,255,0,5935,770
30,5165,1,255,2,5935,770
30,5165,1,255,3,5935,770
31,5365,2,1,1,6135,770
29,5765,0,1,1,6535,770
34,5965,1,255,0,6735,770
34,5965,1,255,2,6735,770
34,5965,1,255,3,6735,770
35,6165,2,255,0,6935,770
35,6165,2,255,1,6935,770
35,6165,2,255,3,6935,770
36,6365,3,255,0,7135,770
36,6365,3,255,1,7135,770
36,6365,3,255,2,7135,770
33,6565,0,3,3,7335,770
38,6765,1,2,2,7535,770
39,6965,2,3,3,7735,770
40,7165,3,0,0,7935,770
37,7365,0,3,3,8135,770
42,7565,1,255,0,8335,770
42,7565,1,255,2,8335,770
42,7565,1,255,3,8335,770
43,7765,2,3,3,8535,770
44,7965,3,255,0,8735,770
44,7965,3,255,1,8735,770
44,7965,3,255,2,8735,770
41,8165,0,2,2,8935,770
46,8365,1,2,2,9135,770
47,8565,2,1,1,9335,770
48,8765,3,0,0,9535,770
45,8965,0,1,1,9735,770
50,9165,1,3,3,9935,770
51,9365,2,0,0,10135,770
52,9565,3,255,0,10335,770
52,9565,3,255,1,10335,770
52,9565,3,255,2,10335,770
49,9765,0,255,1,10535,770
49,9765,0,255,2,10535,770
49,9765,0,255,3,10535,770
54,9965,1,0,0,10735,770
55,10165,2,1,1,10935,770
56,10365,3,1,1,11135,770
53,10565,0,1,1,11335,770
58,10765,1,3,3,11535,770
59,10965,2,0,0,11735,770
60,11165,3,1,1,11935,770
57,11365,0,3,3,12135,770
62,11565,1,0,0,12335,770
63,11765,2,1,1,12535,770
64,11965,3,2,2,12735,770
61,12165,0,3,3,12935,770
66,12365,1,0,0,13135,770
67,12565,2,3,3,13335,770
68,12765,3,1,1,13535,770
65,12965,0,2,2,13735,770
70,13165,1,0,0,13935,770
71,13365,2,0,0,14135,770
72,13565,3,2,2,14335,770
69,13765,0,1,1,14535,770
74,13965,1,3,3,14735,770
75,14165,2,0,0,14935,770
76,14365,3,0,0,15135,770
73,14565,0,3,3,15335,770
78,14765,1,3,3,15535,770
82,15565,1,9,-1,,
79,14965,2,3,3,15735,770
80,15165,3,1,1,15935,770
77,15365,0,1,1,16135,770
86,16365,1,11,-1,,
83,15765,2,3,3,16535,770
84,15965,3,2,2,16735,770
81,16165,0,3,3,16935,770
87,16565,2,255,0,17335,770
87,16565,2,255,1,17335,770
87,16565,2,255,3,17335,770
88,16765,3,2,2,17535,770
85,16965,0,255,1,17735,770
85,16965,0,255,2,17735,770
85,16965,0,255,3,17735,770
90,17165,1,2,2,17935,770
91,17365,2,1,1,18135,770
92,17565,3,255,0,18335,770
92,17565,3,255,1,18335,770
92,17565,3,255,2,18335,770
89,17765,0,2,2,18535,770
94,17965,1,3,3,18735,770
95,18165,2,0,0,18935,770
96,18365,3,2,2,19135,770
93,18565,0,1,1,19335,770
98,18765,1,3,3,19535,770
99,18965,2,0,0,19735,770
100,19165,3,2,2,19935,770
97,19365,0,3,3,20135,770
102,19565,1,2,2,20335,770
103,19765,2,0,0,20535,770
107,20565,2,15,-1,,
104,19965,3,2,2,20735,770
101,20165,0,1,1,20935,770
105,20965,0,197,-1,,
106,20365,1,0,0,21135,770
108,20765,3,1,1,21535,770
112,21565,3,186,-1,,
109,21765,0,105,-1,,
110,21165,1,2,2,21935,770
114,21965,1,114,-1,,
111,21365,2,3,3,22135,770
115,22165,2,200,-1,,
116,22365,3,1,1,23135,770
113,22565,0,3,3,23335,770
118,22765,1,3,3,23535,770
122,23565,1,159,-1,,
119,22965,2,255,0,23735,770
119,22965,2,255,1,23735,770
119,22965,2,255,3,23735,770
120,23165,3,2,2,23935,770
117,23365,0,2,2,24135,770
123,23765,2,3,3,24535,770
124,23965,3,0,0,24735,770
121,24165,0,3,3,24935,770
126,24365,1,3,3,25135,770
127,24565,2,3,3,25335,770
128,24765,3,2,2,25535,770
125,24965,0,2,2,25735,770
130,25165,1,0,0,25935,770
131,25365,2,0,0,26135,770
132,25565,3,255,0,26335,770
132,25565,3,255,1,26335,770
132,25565,3,255,2,26335,770
129,25765,0,255,1,26535,770
129,25765,0,255,2,26535,770
129,25765,0,255,3,26535,770
134,25965,1,3,3,26735,770
135,26165,2,0,0,26935,770
136,26365,3,1,1,27135,770
133,26565,0,2,2,27335,770
138,26765,1,3,3,27535,770
142,27565,1,126,-1,,
139,26965,2,255,0,27735,770
139,26965,2,255,1,27735,770
139,26965,2,255,3,27735,770
140,27165,3,1,1,27935,770
137,27365,0,2,2,28135,770
143,27765,2,0,0,28535,770
147,28565,2,175,-1,,
144,27965,3,0,0,28735,770
141,28165,0,2,2,28935,770
146,28365,1,255,0,29135,770
146,28365,1,255,2,29135,770
146,28365,1,255,3,29135,770
148,28765,3,255,0,29535,770
148,28765,3,255,1,29535,770
148,28765,3,255,2,29535,770
145,28965,0,1,1,29735,770
150,29165,1,255,0,29935,770
150,29165,1,255,2,29935,770
150,29165,1,255,3,29935,770
154,29965,1,177,-1,,
151,29365,2,3,3,30135,770
152,29565,3,2,2,30335,770
149,29765,0,2,2,30535,770
158,30765,1,171,-1,,
155,30165,2,255,0,30935,770
155,30165,2,255,1,30935,770
155,30165,2,255,3,30935,770
156,30365,3,1,1,31135,770
153,30565,0,1,1,31335,770
159,30965,2,255,0,31735,770
159,30965,2,255,1,31735,770
159,30965,2,255,3,31735,770
160,31165,3,255,0,31935,770
160,31165,3,255,1,31935,770
160,31165,3,255,2,31935,770
157,31365,0,2,2,32135,770
162,31565,1,2,2,32335,770
163,31765,2,3,3,32535,770
164,31965,3,255,0,32735,770
164,31965,3,255,1,32735,770
164,31965,3,255,2,32735,770
161,32165,0,255,1,32935,770
161,32165,0,255,2,32935,770
161,32165,0,255,3,32935,770
166,32365,1,0,0,33135,770
167,32565,2,3,3,33335,770
168,32765,3,1,1,33535,770
172,33565,3,10,-1,,
165,32965,0,2,2,33735,770
170,33165,1,0,0,33935,770
171,33365,2,255,0,34135,770
171,33365,2,255,1,34135,770
171,33365,2,255,3,34135,770
169,33765,0,3,3,34535,770
174,33965,1,3,3,34735,770
175,34165,2,255,0,34935,770
175,34165,2,255,1,34935,770
175,34165,2,255,3,34935,770
176,34365,3,0,0,35135,770
173,34565,0,1,1,35335,770
178,34765,1,3,3,35535,770
179,34965,2,0,0,35735,770
180,35165,3,1,1,35935,770
177,35365,0,1,1,36135,770
182,35565,1,3,3,36335,770
183,35765,2,1,1,36535,770
184,35965,3,255,0,36735,770
184,35965,3,255,1,36735,770
184,35965,3,255,2,36735,770
181,36165,0,1,1,36935,770
186,36365,1,2,2,37135,770
187,36565,2,1,1,37335,770
188,36765,3,0,0,37535,770
185,36965,0,2,2,37735,770
190,37165,1,0,0,37935,770
194,37965,1,191,-1,,
191,37365,2,0,0,38135,770
192,37565,3,2,2,38335,770
189,37765,0,2,2,38535,770
195,38165,2,1,1,38935,770
196,38365,3,255,0,39135,770
196,38365,3,255,1,39135,770
196,38365,3,255,2,39135,770
193,38565,0,3,3,39335,770
198,38765,1,3,3,39535,770
199,38965,2,1,1,39735,770
200,39165,3,1,1,39935,770
197,39365,0,2,2,40135,770
202,39565,1,2,2,40335,770
203,39765,2,1,1,40535,770
204,39965,3,0,0,40735,770
201,40165,0,3,3,40935,770
206,40365,1,2,2,41135,770
207,40565,2,1,1,41335,770
208,40765,3,0,0,41535,770
205,40965,0,3,3,41735,770
209,41765,0,57,-1,,
210,41165,1,3,3,41935,770
211,41365,2,1,1,42135,770
212,41565,3,2,2,42335,770
213,42565,0,199,-1,,
214,41965,1,3,3,42735,770
215,42165,2,255,0,42935,770
215,42165,2,255,1,42935,770
215,42165,2,255,3,42935,770
216,42365,3,1,1,43135,770
218,42765,1,3,3,43535,770
219,42965,2,1,1,43735,770
217,43365,0,1,1,43945,580
221,43565,1,255,0,44145,580
221,43565,1,255,2,44145,580
221,43565,1,255,3,44145,580
222,43765,2,1,1,44345,580
220,43975,0,1,1,44555,580
224,44175,1,0,0,44755,580
225,44375,2,1,1,44955,580
223,44585,0,2,2,45165,580
227,44785,1,2,2,45365,580
228,44985,2,1,1,45565,580
231,45595,2,144,-1,,
226,45195,0,2,2,45775,580
230,45395,1,0,0,45975,580
229,45805,0,2,2,46385,580
233,46005,1,0,0,46585,580
234,46205,2,0,0,46785,580
232,46415,0,3,3,46995,580
236,46615,1,3,3,47195,580
237,46815,2,1,1,47395,580
235,47025,0,255,1,47605,580
235,47025,0,255,2,47605,580
235,47025,0,255,3,47605,580
239,47225,1,0,0,47805,580
240,47425,2,1,1,48005,580
238,47635,0,2,2,48215,580
242,47835,1,3,3,48415,580
243,48035,2,3,3,48615,580
246,48645,2,172,-1,,
241,48245,0,2,2,48825,580
245,48445,1,3,3,49025,580
249,49255,2,231,-1,,
244,48855,0,2,2,49435,580
248,49055,1,0,0,49635,580
247,49465,0,3,3,50045,580
251,49665,1,2,2,50245,580
252,49865,2,3,3,50445,580
250,50075,0,3,3,50655,580
254,50275,1,0,0,50855,580
255,50475,2,3,3,51055,580
253,50685,0,2,2,51265,580
257,50885,1,2,2,51465,580
258,51085,2,3,3,51665,580
256,51295,0,1,1,51875,580
260,51495,1,0,0,52075,580
261,51695,2,0,0,52275,580
259,51905,0,2,2,52485,580
263,52105,1,0,0,52685,580
264,52305,2,3,3,52885,580
262,52515,0,2,2,53095,580
266,52715,1,2,2,53295,580
267,52915,2,3,3,53495,580
265,53125,0,1,1,53705,580
269,53325,1,3,3,53905,580
270,53525,2,3,3,54105,580
268,53735,0,3,3,54315,580
272,53935,1,2,2,54515,580
273,54135,2,1,1,54715,580
276,54745,2,20,-1,,
271,54345,0,2,2,54925,580
275,54545,1,0,0,55125,580
274,54955,0,1,1,55535,580
278,55155,1,0,0,55735,580
279,55355,2,255,0,55935,580
279,55355,2,255,1,55935,580
279,55355,2,255,3,55935,580
277,55565,0,3,3,56145,580
281,55765,1,0,0,56345,580
282,55965,2,1,1,56545,580
280,56175,0,1,1,56755,580
284,56375,1,2,2,56955,580
285,56575,2,3,3,57155,580
283,56785,0,1,1,57365,580
287,56985,1,0,0,57565,580
288,57185,2,3,3,57765,580
286,57395,0,1,1,57975,580
290,57595,1,0,0,58175,580
291,57795,2,3,3,58375,580
294,58405,2,139,-1,,
289,58005,0,3,3,58585,580
293,58205,1,0,0,58785,580
296,58815,1,125,-1,,
297,59015,2,89,-1,,
292,58615,0,2,2,59195,580
295,59225,0,2,2,59805,580
299,59425,1,2,2,60005,580
300,59625,2,1,1,60205,580
298,59835,0,1,1,60415,580
302,60035,1,0,0,60615,580
303,60235,2,3,3,60815,580
301,60445,0,2,2,61025,580
305,60645,1,255,0,61225,580
305,60645,1,255,2,61225,580
305,60645,1,255,3,61225,580
306,60845,2,1,1,61425,580
309,61455,2,102,-1,,
304,61055,0,1,1,61635,580
308,61255,1,0,0,61835,580
307,61665,0,2,2,62245,580
311,61865,1,3,3,62445,580
312,62065,2,3,3,62645,580
310,62275,0,2,2,62855,580
314,62475,1,0,0,63055,580
317,63085,1,84,-1,,
315,62675,2,0,0,63255,580
313,62885,0,1,1,63465,580
318,63285,2,1,1,63865,580
316,63495,0,1,1,64075,580
320,63695,1,2,2,64275,580
321,63895,2,255,0,64475,580
321,63895,2,255,1,64475,580
321,63895,2,255,3,64475,580
319,64105,0,3,3,64685,580
323,64305,1,2,2,64885,580
324,64505,2,1,1,65085,580
322,64715,0,2,2,65295,580
325,64915,1,2,2,65495,580
326,65115,2,0,0,65695,580
327,65525,1,2,2,65925,400
328,65725,2,1,1,66125,400
329,65955,1,0,0,66355,400
330,66155,2,3,3,66555,400
331,66385,1,2,2,66785,400
332,66585,2,3,3,66985,400
333,66815,1,2,2,67215,400
335,67245,1,182,-1,,
334,67015,2,1,1,67415,400
336,67445,2,0,0,67845,400
337,67675,1,255,0,68075,400
337,67675,1,255,2,68075,400
337,67675,1,255,3,68075,400
338,67875,2,1,1,68275,400
339,68105,1,2,2,68505,400
340,68305,2,1,1,68705,400
341,68535,1,3,3,68935,400
342,68735,2,3,3,69135,400
343,68965,1,2,2,69365,400
344,69165,2,0,0,69565,400
345,69595,2,0,0,69815,220
346,69845,2,0,0,70065,220
347,70095,2,0,0,70315,220
348,70345,2,0,0,70565,220
349,70595,2,3,3,70815,220
350,70845,2,0,0,71065,220
351,71095,2,3,3,71315,220
352,71345,2,1,1,71565,220
353,71595,2,1,1,71815,220
